<?xml version="1.0" encoding="UTF-8"?>
<GenRun Id="impl_1" LaunchPart="xc7z010clg400-1" LaunchTime="1575678539">
  <File Type="RUN-CONSTRS" Name="$PDATADIR/runs/impl_1/constrs_in.xml"/>
  <File Type="RUN-SRCS" Name="$PDATADIR/runs/impl_1/sources.xml"/>
  <File Type="RUN-STRAT" Name="$PDATADIR/runs/impl_1/impl_1.psg"/>
  <File Type="PA-TCL" Name="text_screen_top.tcl"/>
  <File Type="POSTROUTE-PHYSOPT-TIMING-PB" Name="text_screen_top_timing_summary_postroute_physopted.pb"/>
  <File Type="OPT-DCP" Name="text_screen_top_opt.dcp"/>
  <File Type="OPT-DRC" Name="text_screen_top_drc_opted.rpt"/>
  <File Type="OPT-HWDEF" Name="text_screen_top.hwdef"/>
  <File Type="PWROPT-DCP" Name="text_screen_top_pwropt.dcp"/>
  <File Type="PWROPT-DRC" Name="text_screen_top_drc_pwropted.rpt"/>
  <File Type="PLACE-DCP" Name="text_screen_top_placed.dcp"/>
  <File Type="PLACE-IO" Name="text_screen_top_io_placed.rpt"/>
  <File Type="POSTROUTE-PHYSOPT-TIMING" Name="text_screen_top_timing_summary_postroute_physopted.rpt"/>
  <File Type="BG-BIT" Name="text_screen_top.bit"/>
  <File Type="ROUTE-TIMING-RPX" Name="text_screen_top_timing_summary_routed.rpx"/>
  <File Type="BG-BIN" Name="text_screen_top.bin"/>
  <File Type="BITSTR-MSK" Name="text_screen_top.msk"/>
  <File Type="ROUTE-CLK" Name="text_screen_top_clock_utilization_routed.rpt"/>
  <File Type="BG-BGN" Name="text_screen_top.bgn"/>
  <File Type="BITSTR-RBT" Name="text_screen_top.rbt"/>
  <File Type="BITSTR-NKY" Name="text_screen_top.nky"/>
  <File Type="POSTPLACE-PWROPT-DCP" Name="text_screen_top_postplace_pwropt.dcp"/>
  <File Type="BITSTR-BMM" Name="text_screen_top_bd.bmm"/>
  <File Type="POSTROUTE-PHYSOPT-TIMING-RPX" Name="text_screen_top_timing_summary_postroute_physopted.rpx"/>
  <File Type="WBT-USG" Name="usage_statistics_webtalk.html"/>
  <File Type="RDI-RDI" Name="text_screen_top.vdi"/>
  <File Type="POSTROUTE-PHYSOPT-DCP" Name="text_screen_top_postroute_physopt.dcp"/>
  <File Type="BG-DRC" Name="text_screen_top.drc"/>
  <File Type="ROUTE-SIMILARITY" Name="text_screen_top_incremental_reuse_routed.rpt"/>
  <File Type="BITSTR-MMI" Name="text_screen_top.mmi"/>
  <File Type="PHYSOPT-DCP" Name="text_screen_top_physopt.dcp"/>
  <File Type="BITSTR-SYSDEF" Name="text_screen_top.sysdef"/>
  <File Type="PHYSOPT-DRC" Name="text_screen_top_drc_physopted.rpt"/>
  <File Type="ROUTE-TIMING-PB" Name="text_screen_top_timing_summary_routed.pb"/>
  <File Type="ROUTE-TIMINGSUMMARY" Name="text_screen_top_timing_summary_routed.rpt"/>
  <File Type="ROUTE-STATUS-PB" Name="text_screen_top_route_status.pb"/>
  <File Type="ROUTE-STATUS" Name="text_screen_top_route_status.rpt"/>
  <File Type="ROUTE-PWR-SUM" Name="text_screen_top_power_summary_routed.pb"/>
  <File Type="ROUTE-PWR" Name="text_screen_top_power_routed.rpt"/>
  <File Type="ROUTE-DRC-PB" Name="text_screen_top_drc_routed.pb"/>
  <File Type="ROUTE-DRC" Name="text_screen_top_drc_routed.rpt"/>
  <File Type="ROUTE-DCP" Name="text_screen_top_routed.dcp"/>
  <File Type="PLACE-PRE-SIMILARITY" Name="text_screen_top_incremental_reuse_pre_placed.rpt"/>
  <File Type="PLACE-SIMILARITY" Name="text_screen_top_incremental_reuse_placed.rpt"/>
  <File Type="PLACE-CTRL" Name="text_screen_top_control_sets_placed.rpt"/>
  <File Type="PLACE-UTIL-PB" Name="text_screen_top_utilization_placed.pb"/>
  <File Type="PLACE-UTIL" Name="text_screen_top_utilization_placed.rpt"/>
  <File Type="PLACE-CLK" Name="text_screen_top_clock_utilization_placed.rpt"/>
  <FileSet Name="sources" Type="DesignSrcs" RelSrcDir="$PSRCDIR/sources_1">
    <Filter Type="Srcs"/>
    <File Path="$PSRCDIR/sources_1/imports/src/font_rom.vhd">
      <FileInfo>
        <Attr Name="ImportPath" Val="$PPRDIR/../../../../../../Repository/sd-2c2019/tp2/codes/src/font_rom.vhd"/>
        <Attr Name="ImportTime" Val="1573707043"/>
        <Attr Name="UsedIn" Val="synthesis"/>
        <Attr Name="UsedIn" Val="simulation"/>
      </FileInfo>
    </File>
    <File Path="$PSRCDIR/sources_1/imports/src/uart_rx.vhd">
      <FileInfo>
        <Attr Name="ImportPath" Val="$PPRDIR/../../../../../../Repository/sd-2c2019/tp2/codes/src/uart_rx.vhd"/>
        <Attr Name="ImportTime" Val="1575676296"/>
        <Attr Name="UsedIn" Val="synthesis"/>
        <Attr Name="UsedIn" Val="simulation"/>
      </FileInfo>
    </File>
    <File Path="$PSRCDIR/sources_1/imports/src/xilinx_dual_port_ram_sync.vhd">
      <FileInfo>
        <Attr Name="ImportPath" Val="$PPRDIR/../../../../../../Repository/sd-2c2019/tp2/codes/src/xilinx_dual_port_ram_sync.vhd"/>
        <Attr Name="ImportTime" Val="1575676680"/>
        <Attr Name="UsedIn" Val="synthesis"/>
        <Attr Name="UsedIn" Val="simulation"/>
      </FileInfo>
    </File>
    <File Path="$PSRCDIR/sources_1/imports/src/mod_m_counter.vhd">
      <FileInfo>
        <Attr Name="ImportPath" Val="$PPRDIR/../../../../../../Repository/sd-2c2019/tp2/codes/src/mod_m_counter.vhd"/>
        <Attr Name="ImportTime" Val="1575676227"/>
        <Attr Name="UsedIn" Val="synthesis"/>
        <Attr Name="UsedIn" Val="simulation"/>
      </FileInfo>
    </File>
    <File Path="$PSRCDIR/sources_1/imports/src/clock_manager_wrapper.vhd">
      <FileInfo>
        <Attr Name="ImportPath" Val="$PPRDIR/../../../../../../Repository/sd-2c2019/tp2/codes/src/clock_manager_wrapper.vhd"/>
        <Attr Name="ImportTime" Val="1575676179"/>
        <Attr Name="UsedIn" Val="synthesis"/>
        <Attr Name="UsedIn" Val="simulation"/>
      </FileInfo>
    </File>
    <File Path="$PSRCDIR/sources_1/imports/src/vga_sync.vhd">
      <FileInfo>
        <Attr Name="ImportPath" Val="$PPRDIR/../../../../../../Repository/sd-2c2019/tp2/codes/src/vga_sync.vhd"/>
        <Attr Name="ImportTime" Val="1575676795"/>
        <Attr Name="UsedIn" Val="synthesis"/>
        <Attr Name="UsedIn" Val="simulation"/>
      </FileInfo>
    </File>
    <File Path="$PSRCDIR/sources_1/imports/src/text_screen_gen.vhd">
      <FileInfo>
        <Attr Name="ImportPath" Val="$PPRDIR/../../../../../../Repository/sd-2c2019/tp2/codes/src/text_screen_gen.vhd"/>
        <Attr Name="ImportTime" Val="1575676833"/>
        <Attr Name="UsedIn" Val="synthesis"/>
        <Attr Name="UsedIn" Val="simulation"/>
      </FileInfo>
    </File>
    <File Path="$PSRCDIR/sources_1/imports/src/uart.vhd">
      <FileInfo>
        <Attr Name="ImportPath" Val="$PPRDIR/../../../../../../Repository/sd-2c2019/tp2/codes/src/uart.vhd"/>
        <Attr Name="ImportTime" Val="1575676576"/>
        <Attr Name="UsedIn" Val="synthesis"/>
        <Attr Name="UsedIn" Val="simulation"/>
      </FileInfo>
    </File>
    <File Path="$PSRCDIR/sources_1/imports/src/text_screen_top.vhd">
      <FileInfo>
        <Attr Name="ImportPath" Val="$PPRDIR/../../../../../../Repository/sd-2c2019/tp2/codes/src/text_screen_top.vhd"/>
        <Attr Name="ImportTime" Val="1575675920"/>
        <Attr Name="UsedIn" Val="synthesis"/>
        <Attr Name="UsedIn" Val="simulation"/>
      </FileInfo>
    </File>
    <Config>
      <Option Name="DesignMode" Val="RTL"/>
      <Option Name="TopModule" Val="text_screen_top"/>
      <Option Name="TopAutoSet" Val="TRUE"/>
    </Config>
  </FileSet>
  <FileSet Name="constrs_in" Type="Constrs" RelSrcDir="$PSRCDIR/constrs_1">
    <Filter Type="Constrs"/>
    <File Path="$PSRCDIR/constrs_1/imports/constraints/main_ArtyZ7_10.xdc">
      <FileInfo>
        <Attr Name="ImportPath" Val="$PPRDIR/../../../../../../Repository/sd-2c2019/tp2/constraints/main_ArtyZ7_10.xdc"/>
        <Attr Name="ImportTime" Val="1575677303"/>
        <Attr Name="UsedIn" Val="synthesis"/>
        <Attr Name="UsedIn" Val="implementation"/>
      </FileInfo>
    </File>
    <Config>
      <Option Name="ConstrsType" Val="XDC"/>
    </Config>
  </FileSet>
  <Strategy Version="1" Minor="2">
    <StratHandle Name="Vivado Implementation Defaults" Flow="Vivado Implementation 2015"/>
    <Step Id="init_design"/>
    <Step Id="opt_design"/>
    <Step Id="power_opt_design"/>
    <Step Id="place_design"/>
    <Step Id="post_place_power_opt_design"/>
    <Step Id="phys_opt_design"/>
    <Step Id="route_design"/>
    <Step Id="post_route_phys_opt_design"/>
    <Step Id="write_bitstream"/>
  </Strategy>
  <BlockFileSet Type="BlockSrcs" Name="clk_wiz_0"/>
</GenRun>
