<?xml version="1.0" encoding="UTF-8"?>
<GenRun Id="synth_1" LaunchPart="xc7z010clg400-1" LaunchTime="1575678539">
  <File Type="RUN-CONSTRS" Name="$PDATADIR/runs/synth_1/constrs_in.xml"/>
  <File Type="RUN-SRCS" Name="$PDATADIR/runs/synth_1/sources.xml"/>
  <File Type="RUN-STRAT" Name="$PDATADIR/runs/synth_1/synth_1.psg"/>
  <File Type="PA-TCL" Name="text_screen_top.tcl"/>
  <File Type="RDS-RDS" Name="text_screen_top.vds"/>
  <File Type="VDS-TIMINGSUMMARY" Name="text_screen_top_timing_summary_synth.rpt"/>
  <File Type="VDS-TIMING-PB" Name="text_screen_top_timing_summary_synth.pb"/>
  <File Type="RDS-DCP" Name="text_screen_top.dcp"/>
  <File Type="RDS-UTIL-PB" Name="text_screen_top_utilization_synth.pb"/>
  <File Type="RDS-UTIL" Name="text_screen_top_utilization_synth.rpt"/>
  <File Type="RDS-PROPCONSTRS" Name="text_screen_top_drc_synth.rpt"/>
  <FileSet Name="sources" Type="DesignSrcs" RelSrcDir="$PSRCDIR/sources_1">
    <Filter Type="Srcs"/>
    <File Path="$PSRCDIR/sources_1/imports/src/font_rom.vhd">
      <FileInfo>
        <Attr Name="ImportPath" Val="$PPRDIR/../../../../../../Repository/sd-2c2019/tp2/codes/src/font_rom.vhd"/>
        <Attr Name="ImportTime" Val="1573707043"/>
        <Attr Name="UsedIn" Val="synthesis"/>
        <Attr Name="UsedIn" Val="simulation"/>
      </FileInfo>
    </File>
    <File Path="$PSRCDIR/sources_1/imports/src/uart_rx.vhd">
      <FileInfo>
        <Attr Name="ImportPath" Val="$PPRDIR/../../../../../../Repository/sd-2c2019/tp2/codes/src/uart_rx.vhd"/>
        <Attr Name="ImportTime" Val="1575676296"/>
        <Attr Name="UsedIn" Val="synthesis"/>
        <Attr Name="UsedIn" Val="simulation"/>
      </FileInfo>
    </File>
    <File Path="$PSRCDIR/sources_1/imports/src/xilinx_dual_port_ram_sync.vhd">
      <FileInfo>
        <Attr Name="ImportPath" Val="$PPRDIR/../../../../../../Repository/sd-2c2019/tp2/codes/src/xilinx_dual_port_ram_sync.vhd"/>
        <Attr Name="ImportTime" Val="1575676680"/>
        <Attr Name="UsedIn" Val="synthesis"/>
        <Attr Name="UsedIn" Val="simulation"/>
      </FileInfo>
    </File>
    <File Path="$PSRCDIR/sources_1/imports/src/mod_m_counter.vhd">
      <FileInfo>
        <Attr Name="ImportPath" Val="$PPRDIR/../../../../../../Repository/sd-2c2019/tp2/codes/src/mod_m_counter.vhd"/>
        <Attr Name="ImportTime" Val="1575676227"/>
        <Attr Name="UsedIn" Val="synthesis"/>
        <Attr Name="UsedIn" Val="simulation"/>
      </FileInfo>
    </File>
    <File Path="$PSRCDIR/sources_1/imports/src/clock_manager_wrapper.vhd">
      <FileInfo>
        <Attr Name="ImportPath" Val="$PPRDIR/../../../../../../Repository/sd-2c2019/tp2/codes/src/clock_manager_wrapper.vhd"/>
        <Attr Name="ImportTime" Val="1575676179"/>
        <Attr Name="UsedIn" Val="synthesis"/>
        <Attr Name="UsedIn" Val="simulation"/>
      </FileInfo>
    </File>
    <File Path="$PSRCDIR/sources_1/imports/src/vga_sync.vhd">
      <FileInfo>
        <Attr Name="ImportPath" Val="$PPRDIR/../../../../../../Repository/sd-2c2019/tp2/codes/src/vga_sync.vhd"/>
        <Attr Name="ImportTime" Val="1575676795"/>
        <Attr Name="UsedIn" Val="synthesis"/>
        <Attr Name="UsedIn" Val="simulation"/>
      </FileInfo>
    </File>
    <File Path="$PSRCDIR/sources_1/imports/src/text_screen_gen.vhd">
      <FileInfo>
        <Attr Name="ImportPath" Val="$PPRDIR/../../../../../../Repository/sd-2c2019/tp2/codes/src/text_screen_gen.vhd"/>
        <Attr Name="ImportTime" Val="1575676833"/>
        <Attr Name="UsedIn" Val="synthesis"/>
        <Attr Name="UsedIn" Val="simulation"/>
      </FileInfo>
    </File>
    <File Path="$PSRCDIR/sources_1/imports/src/uart.vhd">
      <FileInfo>
        <Attr Name="ImportPath" Val="$PPRDIR/../../../../../../Repository/sd-2c2019/tp2/codes/src/uart.vhd"/>
        <Attr Name="ImportTime" Val="1575676576"/>
        <Attr Name="UsedIn" Val="synthesis"/>
        <Attr Name="UsedIn" Val="simulation"/>
      </FileInfo>
    </File>
    <File Path="$PSRCDIR/sources_1/imports/src/text_screen_top.vhd">
      <FileInfo>
        <Attr Name="ImportPath" Val="$PPRDIR/../../../../../../Repository/sd-2c2019/tp2/codes/src/text_screen_top.vhd"/>
        <Attr Name="ImportTime" Val="1575675920"/>
        <Attr Name="UsedIn" Val="synthesis"/>
        <Attr Name="UsedIn" Val="simulation"/>
      </FileInfo>
    </File>
    <Config>
      <Option Name="DesignMode" Val="RTL"/>
      <Option Name="TopModule" Val="text_screen_top"/>
      <Option Name="TopAutoSet" Val="TRUE"/>
    </Config>
  </FileSet>
  <FileSet Name="constrs_in" Type="Constrs" RelSrcDir="$PSRCDIR/constrs_1">
    <Filter Type="Constrs"/>
    <File Path="$PSRCDIR/constrs_1/imports/constraints/main_ArtyZ7_10.xdc">
      <FileInfo>
        <Attr Name="ImportPath" Val="$PPRDIR/../../../../../../Repository/sd-2c2019/tp2/constraints/main_ArtyZ7_10.xdc"/>
        <Attr Name="ImportTime" Val="1575677303"/>
        <Attr Name="UsedIn" Val="synthesis"/>
        <Attr Name="UsedIn" Val="implementation"/>
      </FileInfo>
    </File>
    <Config>
      <Option Name="ConstrsType" Val="XDC"/>
    </Config>
  </FileSet>
  <Strategy Version="1" Minor="2">
    <StratHandle Name="Vivado Synthesis Defaults" Flow="Vivado Synthesis 2015"/>
    <Step Id="synth_design"/>
  </Strategy>
  <BlockFileSet Type="BlockSrcs" Name="clk_wiz_0"/>
</GenRun>
